7,6,275,381,0,0,0,243084487,13,'CyPS/2 Cypress Trackpad'
7,6,270,377,0,0,0,243084498,13,'CyPS/2 Cypress Trackpad'
7,6,265,374,0,0,0,243084511,13,'CyPS/2 Cypress Trackpad'
7,6,258,369,0,0,0,243084523,13,'CyPS/2 Cypress Trackpad'
7,6,253,362,0,0,0,243084536,13,'CyPS/2 Cypress Trackpad'
7,6,249,351,0,0,0,243084547,13,'CyPS/2 Cypress Trackpad'
7,6,245,343,0,0,0,243084560,13,'CyPS/2 Cypress Trackpad'
7,6,242,336,0,0,0,243084572,13,'CyPS/2 Cypress Trackpad'
7,6,238,323,0,0,0,243084585,13,'CyPS/2 Cypress Trackpad'
7,6,236,319,0,0,0,243084598,13,'CyPS/2 Cypress Trackpad'
7,6,234,316,0,0,0,243084622,13,'CyPS/2 Cypress Trackpad'
7,6,234,315,0,0,0,243084647,13,'CyPS/2 Cypress Trackpad'
7,6,232,315,0,0,0,243084661,13,'CyPS/2 Cypress Trackpad'
7,6,232,315,0,0,0,243084672,13,'CyPS/2 Cypress Trackpad'
7,6,230,314,0,0,0,243084685,13,'CyPS/2 Cypress Trackpad'
7,6,230,313,0,0,0,243084710,13,'CyPS/2 Cypress Trackpad'
7,6,229,313,0,0,0,243084947,13,'CyPS/2 Cypress Trackpad'
7,6,229,315,0,0,0,243084959,13,'CyPS/2 Cypress Trackpad'
7,6,229,317,0,0,0,243084971,13,'CyPS/2 Cypress Trackpad'
7,6,229,319,0,0,0,243084983,13,'CyPS/2 Cypress Trackpad'
7,6,221,320,0,0,0,243084995,13,'CyPS/2 Cypress Trackpad'
7,6,205,329,0,0,0,243085007,13,'CyPS/2 Cypress Trackpad'
7,6,182,339,0,0,0,243085019,13,'CyPS/2 Cypress Trackpad'
7,6,154,351,0,0,0,243085031,13,'CyPS/2 Cypress Trackpad'
7,6,122,357,0,0,0,243085043,13,'CyPS/2 Cypress Trackpad'
7,6,91,371,0,0,0,243085055,13,'CyPS/2 Cypress Trackpad'
7,6,65,389,0,0,0,243085067,13,'CyPS/2 Cypress Trackpad'
7,6,36,403,0,0,0,243085080,13,'CyPS/2 Cypress Trackpad'
7,6,16,418,0,0,0,243085092,13,'CyPS/2 Cypress Trackpad'
7,6,0,434,0,0,0,243085104,13,'CyPS/2 Cypress Trackpad'
7,6,0,451,0,0,0,243085116,13,'CyPS/2 Cypress Trackpad'
7,6,0,468,0,0,0,243085128,13,'CyPS/2 Cypress Trackpad'
7,6,0,483,0,0,0,243085140,13,'CyPS/2 Cypress Trackpad'
7,6,0,495,0,0,0,243085152,13,'CyPS/2 Cypress Trackpad'
7,6,0,507,0,0,0,243085164,13,'CyPS/2 Cypress Trackpad'
7,6,0,514,0,0,0,243085176,13,'CyPS/2 Cypress Trackpad'
7,6,0,519,0,0,0,243085188,13,'CyPS/2 Cypress Trackpad'
7,6,0,521,0,0,0,243085200,13,'CyPS/2 Cypress Trackpad'
7,6,0,522,0,0,0,243085212,13,'CyPS/2 Cypress Trackpad'
7,6,0,522,0,0,0,243085482,13,'CyPS/2 Cypress Trackpad'
7,6,0,521,0,0,0,243085494,13,'CyPS/2 Cypress Trackpad'
7,6,0,520,0,0,0,243085506,13,'CyPS/2 Cypress Trackpad'
7,6,0,517,0,0,0,243085518,13,'CyPS/2 Cypress Trackpad'
7,6,0,513,0,0,0,243085530,13,'CyPS/2 Cypress Trackpad'
7,6,0,509,0,0,0,243085542,13,'CyPS/2 Cypress Trackpad'
7,6,0,503,0,0,0,243085554,13,'CyPS/2 Cypress Trackpad'
7,6,0,497,0,0,0,243085566,13,'CyPS/2 Cypress Trackpad'
7,6,3,487,0,0,0,243085578,13,'CyPS/2 Cypress Trackpad'
7,6,6,476,0,0,0,243085591,13,'CyPS/2 Cypress Trackpad'
7,6,9,467,0,0,0,243085602,13,'CyPS/2 Cypress Trackpad'
7,6,14,455,0,0,0,243085614,13,'CyPS/2 Cypress Trackpad'
7,6,24,443,0,0,0,243085626,13,'CyPS/2 Cypress Trackpad'
7,6,30,432,0,0,0,243085639,13,'CyPS/2 Cypress Trackpad'
7,6,33,427,0,0,0,243085651,13,'CyPS/2 Cypress Trackpad'
7,6,35,424,0,0,0,243085663,13,'CyPS/2 Cypress Trackpad'
7,6,36,423,0,0,0,243085675,13,'CyPS/2 Cypress Trackpad'
7,6,38,422,0,0,0,243085690,13,'CyPS/2 Cypress Trackpad'
7,6,38,422,0,0,0,243085700,13,'CyPS/2 Cypress Trackpad'
7,6,38,421,0,0,0,243085724,13,'CyPS/2 Cypress Trackpad'
7,6,38,421,0,0,0,243085909,13,'CyPS/2 Cypress Trackpad'
7,6,35,421,0,0,0,243085922,13,'CyPS/2 Cypress Trackpad'
7,6,33,413,0,0,0,243085933,13,'CyPS/2 Cypress Trackpad'
7,6,32,394,0,0,0,243085946,13,'CyPS/2 Cypress Trackpad'
7,6,32,368,0,0,0,243085958,13,'CyPS/2 Cypress Trackpad'
7,6,32,351,0,0,0,243085970,13,'CyPS/2 Cypress Trackpad'
7,6,32,337,0,0,0,243085983,13,'CyPS/2 Cypress Trackpad'
7,6,32,325,0,0,0,243085994,13,'CyPS/2 Cypress Trackpad'
7,6,32,313,0,0,0,243086006,13,'CyPS/2 Cypress Trackpad'
7,6,32,308,0,0,0,243086018,13,'CyPS/2 Cypress Trackpad'
7,6,32,305,0,0,0,243086030,13,'CyPS/2 Cypress Trackpad'
7,6,32,303,0,0,0,243086042,13,'CyPS/2 Cypress Trackpad'
7,6,32,301,0,0,0,243086055,13,'CyPS/2 Cypress Trackpad'
7,6,32,300,0,0,0,243086067,13,'CyPS/2 Cypress Trackpad'
7,6,32,297,0,0,0,243086080,13,'CyPS/2 Cypress Trackpad'
7,6,32,296,0,0,0,243086091,13,'CyPS/2 Cypress Trackpad'
7,6,32,295,0,0,0,243086103,13,'CyPS/2 Cypress Trackpad'
7,6,32,294,0,0,0,243086116,13,'CyPS/2 Cypress Trackpad'
7,6,33,291,0,0,0,243086128,13,'CyPS/2 Cypress Trackpad'
7,6,34,289,0,0,0,243086140,13,'CyPS/2 Cypress Trackpad'
7,6,34,288,0,0,0,243086152,13,'CyPS/2 Cypress Trackpad'
7,6,34,285,0,0,0,243086165,13,'CyPS/2 Cypress Trackpad'
7,6,34,283,0,0,0,243086177,13,'CyPS/2 Cypress Trackpad'
7,6,34,280,0,0,0,243086189,13,'CyPS/2 Cypress Trackpad'
7,6,34,278,0,0,0,243086201,13,'CyPS/2 Cypress Trackpad'
7,6,34,276,0,0,0,243086214,13,'CyPS/2 Cypress Trackpad'
7,6,34,271,0,0,0,243086226,13,'CyPS/2 Cypress Trackpad'
7,6,34,261,0,0,0,243086239,13,'CyPS/2 Cypress Trackpad'
7,6,34,255,0,0,0,243086252,13,'CyPS/2 Cypress Trackpad'
7,6,34,254,0,0,0,243086264,13,'CyPS/2 Cypress Trackpad'
7,6,34,254,0,0,0,243086277,13,'CyPS/2 Cypress Trackpad'
7,6,34,253,0,0,0,243086289,13,'CyPS/2 Cypress Trackpad'
7,6,34,251,0,0,0,243086301,13,'CyPS/2 Cypress Trackpad'
7,6,35,251,0,0,0,243086563,13,'CyPS/2 Cypress Trackpad'
7,6,34,251,0,0,0,243086576,13,'CyPS/2 Cypress Trackpad'
7,6,32,248,0,0,0,243086588,13,'CyPS/2 Cypress Trackpad'
7,6,32,240,0,0,0,243086601,13,'CyPS/2 Cypress Trackpad'
7,6,32,234,0,0,0,243086615,13,'CyPS/2 Cypress Trackpad'
7,6,32,232,0,0,0,243086629,13,'CyPS/2 Cypress Trackpad'
7,6,30,231,0,0,0,243086682,13,'CyPS/2 Cypress Trackpad'
7,4,0,0,1,0,0,243086905,13,CyPS/2 Cypress Trackpad
7,5,0,0,1,0,0,243086963,13,CyPS/2 Cypress Trackpad
7,6,30,231,0,0,0,243102244,13,'CyPS/2 Cypress Trackpad'
7,6,30,228,0,0,0,243102270,13,'CyPS/2 Cypress Trackpad'
7,6,30,227,0,0,0,243102282,13,'CyPS/2 Cypress Trackpad'
7,6,30,225,0,0,0,243286441,13,'CyPS/2 Cypress Trackpad'
7,6,31,225,0,0,0,243286580,13,'CyPS/2 Cypress Trackpad'
7,6,31,231,0,0,0,243286620,13,'CyPS/2 Cypress Trackpad'
7,6,31,232,0,0,0,243286643,13,'CyPS/2 Cypress Trackpad'
7,6,31,230,0,0,0,243286684,13,'CyPS/2 Cypress Trackpad'
7,6,31,232,0,0,0,243286698,13,'CyPS/2 Cypress Trackpad'
7,6,31,232,0,0,0,243286765,13,'CyPS/2 Cypress Trackpad'
7,6,31,233,0,0,0,243286779,13,'CyPS/2 Cypress Trackpad'
7,6,31,234,0,0,0,243286792,13,'CyPS/2 Cypress Trackpad'
7,6,31,234,0,0,0,243287036,13,'CyPS/2 Cypress Trackpad'
7,6,31,235,0,0,0,243287050,13,'CyPS/2 Cypress Trackpad'
7,6,31,235,0,0,0,243287063,13,'CyPS/2 Cypress Trackpad'
7,6,31,236,0,0,0,243287090,13,'CyPS/2 Cypress Trackpad'
7,6,31,236,0,0,0,243287104,13,'CyPS/2 Cypress Trackpad'
7,6,31,237,0,0,0,243287131,13,'CyPS/2 Cypress Trackpad'
7,6,31,237,0,0,0,243287185,13,'CyPS/2 Cypress Trackpad'
7,6,31,240,0,0,0,243287240,13,'CyPS/2 Cypress Trackpad'
7,6,31,242,0,0,0,243287254,13,'CyPS/2 Cypress Trackpad'
7,6,26,243,0,0,0,243287376,13,'CyPS/2 Cypress Trackpad'
7,6,26,243,0,0,0,243287390,13,'CyPS/2 Cypress Trackpad'
7,6,26,245,0,0,0,243287404,13,'CyPS/2 Cypress Trackpad'
7,6,26,245,0,0,0,243287417,13,'CyPS/2 Cypress Trackpad'
7,6,26,246,0,0,0,243288230,13,'CyPS/2 Cypress Trackpad'
7,6,27,246,0,0,0,243288244,13,'CyPS/2 Cypress Trackpad'
7,6,27,246,0,0,0,243288433,13,'CyPS/2 Cypress Trackpad'
7,6,28,246,0,0,0,243289895,13,'CyPS/2 Cypress Trackpad'
7,6,28,246,0,0,0,243290340,13,'CyPS/2 Cypress Trackpad'
7,6,28,245,0,0,0,243290378,13,'CyPS/2 Cypress Trackpad'
7,6,29,245,0,0,0,243290392,13,'CyPS/2 Cypress Trackpad'
7,6,29,246,0,0,0,243296602,13,'CyPS/2 Cypress Trackpad'
7,6,29,247,0,0,0,243296727,13,'CyPS/2 Cypress Trackpad'
7,6,29,246,0,0,0,243296826,13,'CyPS/2 Cypress Trackpad'
7,6,29,247,0,0,0,243297015,13,'CyPS/2 Cypress Trackpad'
7,6,29,248,0,0,0,243297176,13,'CyPS/2 Cypress Trackpad'
7,6,29,247,0,0,0,243297202,13,'CyPS/2 Cypress Trackpad'
7,6,29,247,0,0,0,243297213,13,'CyPS/2 Cypress Trackpad'
7,6,29,248,0,0,0,243297288,13,'CyPS/2 Cypress Trackpad'
7,6,29,248,0,0,0,243297363,13,'CyPS/2 Cypress Trackpad'
7,6,29,250,0,0,0,243297665,13,'CyPS/2 Cypress Trackpad'
7,6,29,250,0,0,0,243297740,13,'CyPS/2 Cypress Trackpad'
7,6,29,251,0,0,0,243297992,13,'CyPS/2 Cypress Trackpad'
7,6,29,251,0,0,0,243298482,13,'CyPS/2 Cypress Trackpad'
7,6,29,252,0,0,0,243298631,13,'CyPS/2 Cypress Trackpad'
7,6,29,252,0,0,0,243298712,13,'CyPS/2 Cypress Trackpad'
7,6,29,253,0,0,0,243299009,13,'CyPS/2 Cypress Trackpad'
7,6,29,253,0,0,0,243309644,13,'CyPS/2 Cypress Trackpad'
7,6,29,254,0,0,0,243309668,13,'CyPS/2 Cypress Trackpad'
7,6,29,255,0,0,0,243452416,13,'CyPS/2 Cypress Trackpad'
7,6,32,254,0,0,0,243452427,13,'CyPS/2 Cypress Trackpad'
7,6,34,254,0,0,0,243452441,13,'CyPS/2 Cypress Trackpad'
7,6,37,254,0,0,0,243452465,13,'CyPS/2 Cypress Trackpad'
7,6,37,254,0,0,0,243452798,13,'CyPS/2 Cypress Trackpad'
7,6,37,254,0,0,0,243452822,13,'CyPS/2 Cypress Trackpad'
7,6,37,256,0,0,0,243452834,13,'CyPS/2 Cypress Trackpad'
7,6,32,256,0,0,0,243452846,13,'CyPS/2 Cypress Trackpad'
7,6,15,257,0,0,0,243452858,13,'CyPS/2 Cypress Trackpad'
7,6,0,257,0,0,0,243452870,13,'CyPS/2 Cypress Trackpad'
7,6,0,257,0,0,0,243452882,13,'CyPS/2 Cypress Trackpad'
7,6,0,257,0,0,0,243452894,13,'CyPS/2 Cypress Trackpad'
7,6,0,257,0,0,0,243452907,13,'CyPS/2 Cypress Trackpad'
7,6,0,243,0,0,0,243452918,13,'CyPS/2 Cypress Trackpad'
7,6,0,227,0,0,0,243452931,13,'CyPS/2 Cypress Trackpad'
7,6,0,209,0,0,0,243452943,13,'CyPS/2 Cypress Trackpad'
7,6,0,184,0,0,0,243452955,13,'CyPS/2 Cypress Trackpad'
7,6,0,164,0,0,0,243452967,13,'CyPS/2 Cypress Trackpad'
7,6,0,146,0,0,0,243452979,13,'CyPS/2 Cypress Trackpad'
7,6,0,134,0,0,0,243452991,13,'CyPS/2 Cypress Trackpad'
7,6,0,122,0,0,0,243453004,13,'CyPS/2 Cypress Trackpad'
7,6,0,107,0,0,0,243453015,13,'CyPS/2 Cypress Trackpad'
7,6,0,98,0,0,0,243453027,13,'CyPS/2 Cypress Trackpad'
7,6,0,90,0,0,0,243453039,13,'CyPS/2 Cypress Trackpad'
7,6,0,82,0,0,0,243453052,13,'CyPS/2 Cypress Trackpad'
7,6,0,75,0,0,0,243453064,13,'CyPS/2 Cypress Trackpad'
7,6,5,68,0,0,0,243453076,13,'CyPS/2 Cypress Trackpad'
7,6,18,60,0,0,0,243453088,13,'CyPS/2 Cypress Trackpad'
7,6,32,52,0,0,0,243453101,13,'CyPS/2 Cypress Trackpad'
7,6,49,45,0,0,0,243453112,13,'CyPS/2 Cypress Trackpad'
7,6,63,44,0,0,0,243453124,13,'CyPS/2 Cypress Trackpad'
7,6,72,44,0,0,0,243453136,13,'CyPS/2 Cypress Trackpad'
7,6,75,44,0,0,0,243453148,13,'CyPS/2 Cypress Trackpad'
7,6,76,44,0,0,0,243453160,13,'CyPS/2 Cypress Trackpad'
7,6,77,44,0,0,0,243453184,13,'CyPS/2 Cypress Trackpad'
7,6,77,45,0,0,0,243453196,13,'CyPS/2 Cypress Trackpad'
7,6,77,47,0,0,0,243453208,13,'CyPS/2 Cypress Trackpad'
7,6,77,51,0,0,0,243453221,13,'CyPS/2 Cypress Trackpad'
7,6,73,54,0,0,0,243453234,13,'CyPS/2 Cypress Trackpad'
7,6,61,63,0,0,0,243453245,13,'CyPS/2 Cypress Trackpad'
7,6,44,75,0,0,0,243453257,13,'CyPS/2 Cypress Trackpad'
7,6,22,89,0,0,0,243453269,13,'CyPS/2 Cypress Trackpad'
7,6,3,100,0,0,0,243453281,13,'CyPS/2 Cypress Trackpad'
7,6,0,111,0,0,0,243453294,13,'CyPS/2 Cypress Trackpad'
7,6,0,123,0,0,0,243453305,13,'CyPS/2 Cypress Trackpad'
7,6,0,135,0,0,0,243453317,13,'CyPS/2 Cypress Trackpad'
7,6,0,147,0,0,0,243453329,13,'CyPS/2 Cypress Trackpad'
7,6,0,157,0,0,0,243453341,13,'CyPS/2 Cypress Trackpad'
7,6,0,163,0,0,0,243453357,13,'CyPS/2 Cypress Trackpad'
7,6,0,168,0,0,0,243453366,13,'CyPS/2 Cypress Trackpad'
7,6,0,171,0,0,0,243453378,13,'CyPS/2 Cypress Trackpad'
7,6,0,174,0,0,0,243453390,13,'CyPS/2 Cypress Trackpad'
7,6,0,175,0,0,0,243453402,13,'CyPS/2 Cypress Trackpad'
7,6,0,178,0,0,0,243453414,13,'CyPS/2 Cypress Trackpad'
7,6,0,181,0,0,0,243453426,13,'CyPS/2 Cypress Trackpad'
7,6,0,186,0,0,0,243453438,13,'CyPS/2 Cypress Trackpad'
7,6,0,189,0,0,0,243453450,13,'CyPS/2 Cypress Trackpad'
7,6,0,194,0,0,0,243453462,13,'CyPS/2 Cypress Trackpad'
7,6,0,199,0,0,0,243453474,13,'CyPS/2 Cypress Trackpad'
7,6,0,203,0,0,0,243453487,13,'CyPS/2 Cypress Trackpad'
7,6,0,207,0,0,0,243453499,13,'CyPS/2 Cypress Trackpad'
7,6,0,211,0,0,0,243453511,13,'CyPS/2 Cypress Trackpad'
7,6,0,214,0,0,0,243453523,13,'CyPS/2 Cypress Trackpad'
7,6,1,219,0,0,0,243453535,13,'CyPS/2 Cypress Trackpad'
7,6,3,223,0,0,0,243453548,13,'CyPS/2 Cypress Trackpad'
7,6,4,228,0,0,0,243453559,13,'CyPS/2 Cypress Trackpad'
7,6,5,233,0,0,0,243453571,13,'CyPS/2 Cypress Trackpad'
7,6,7,238,0,0,0,243453583,13,'CyPS/2 Cypress Trackpad'
7,6,8,244,0,0,0,243453597,13,'CyPS/2 Cypress Trackpad'
7,6,10,250,0,0,0,243453608,13,'CyPS/2 Cypress Trackpad'
7,6,11,254,0,0,0,243453619,13,'CyPS/2 Cypress Trackpad'
7,6,11,257,0,0,0,243453633,13,'CyPS/2 Cypress Trackpad'
7,6,12,260,0,0,0,243453643,13,'CyPS/2 Cypress Trackpad'
7,6,13,263,0,0,0,243453656,13,'CyPS/2 Cypress Trackpad'
7,6,13,265,0,0,0,243453668,13,'CyPS/2 Cypress Trackpad'
7,6,14,267,0,0,0,243453680,13,'CyPS/2 Cypress Trackpad'
7,6,15,269,0,0,0,243453692,13,'CyPS/2 Cypress Trackpad'
7,6,16,270,0,0,0,243453704,13,'CyPS/2 Cypress Trackpad'
7,6,17,272,0,0,0,243453716,13,'CyPS/2 Cypress Trackpad'
7,6,18,273,0,0,0,243453728,13,'CyPS/2 Cypress Trackpad'
7,6,19,274,0,0,0,243453740,13,'CyPS/2 Cypress Trackpad'
7,6,21,275,0,0,0,243453752,13,'CyPS/2 Cypress Trackpad'
7,6,23,277,0,0,0,243453764,13,'CyPS/2 Cypress Trackpad'
7,6,24,278,0,0,0,243453776,13,'CyPS/2 Cypress Trackpad'
7,6,25,279,0,0,0,243453788,13,'CyPS/2 Cypress Trackpad'
7,6,26,280,0,0,0,243453800,13,'CyPS/2 Cypress Trackpad'
7,4,0,0,1,0,0,243454001,13,CyPS/2 Cypress Trackpad
7,5,0,0,1,0,0,243454067,13,CyPS/2 Cypress Trackpad
7,6,26,281,0,0,0,243454296,13,'CyPS/2 Cypress Trackpad'
7,6,36,280,0,0,0,243454308,13,'CyPS/2 Cypress Trackpad'
7,6,57,279,0,0,0,243454320,13,'CyPS/2 Cypress Trackpad'
7,6,93,279,0,0,0,243454332,13,'CyPS/2 Cypress Trackpad'
7,6,127,279,0,0,0,243454344,13,'CyPS/2 Cypress Trackpad'
7,6,165,279,0,0,0,243454356,13,'CyPS/2 Cypress Trackpad'
7,6,197,279,0,0,0,243454370,13,'CyPS/2 Cypress Trackpad'
7,6,222,279,0,0,0,243454380,13,'CyPS/2 Cypress Trackpad'
7,6,253,286,0,0,0,243454392,13,'CyPS/2 Cypress Trackpad'
7,6,275,299,0,0,0,243454404,13,'CyPS/2 Cypress Trackpad'
7,6,298,309,0,0,0,243454416,13,'CyPS/2 Cypress Trackpad'
7,6,317,319,0,0,0,243454429,13,'CyPS/2 Cypress Trackpad'
7,6,335,331,0,0,0,243454441,13,'CyPS/2 Cypress Trackpad'
7,6,351,337,0,0,0,243454453,13,'CyPS/2 Cypress Trackpad'
7,6,362,343,0,0,0,243454468,13,'CyPS/2 Cypress Trackpad'
7,6,373,354,0,0,0,243454477,13,'CyPS/2 Cypress Trackpad'
7,6,380,365,0,0,0,243454489,13,'CyPS/2 Cypress Trackpad'
