7,6,972,296,0,0,0,317851998,13,'CyPS/2 Cypress Trackpad'
7,6,970,296,0,0,0,317852010,13,'CyPS/2 Cypress Trackpad'
7,6,969,296,0,0,0,317852022,13,'CyPS/2 Cypress Trackpad'
7,6,968,296,0,0,0,317852035,13,'CyPS/2 Cypress Trackpad'
7,6,966,296,0,0,0,317852046,13,'CyPS/2 Cypress Trackpad'
7,6,966,296,0,0,0,317852059,13,'CyPS/2 Cypress Trackpad'
7,6,964,296,0,0,0,317852071,13,'CyPS/2 Cypress Trackpad'
7,6,962,296,0,0,0,317852083,13,'CyPS/2 Cypress Trackpad'
7,6,960,296,0,0,0,317852095,13,'CyPS/2 Cypress Trackpad'
7,6,958,296,0,0,0,317852107,13,'CyPS/2 Cypress Trackpad'
7,6,956,296,0,0,0,317852120,13,'CyPS/2 Cypress Trackpad'
7,6,954,296,0,0,0,317852131,13,'CyPS/2 Cypress Trackpad'
7,6,952,296,0,0,0,317852143,13,'CyPS/2 Cypress Trackpad'
7,6,948,296,0,0,0,317852155,13,'CyPS/2 Cypress Trackpad'
7,6,946,296,0,0,0,317852167,13,'CyPS/2 Cypress Trackpad'
7,6,943,296,0,0,0,317852180,13,'CyPS/2 Cypress Trackpad'
7,6,940,296,0,0,0,317852191,13,'CyPS/2 Cypress Trackpad'
7,6,938,296,0,0,0,317852203,13,'CyPS/2 Cypress Trackpad'
7,6,935,296,0,0,0,317852215,13,'CyPS/2 Cypress Trackpad'
7,6,932,297,0,0,0,317852227,13,'CyPS/2 Cypress Trackpad'
7,6,929,299,0,0,0,317852242,13,'CyPS/2 Cypress Trackpad'
7,6,927,301,0,0,0,317852252,13,'CyPS/2 Cypress Trackpad'
7,6,925,302,0,0,0,317852264,13,'CyPS/2 Cypress Trackpad'
7,6,923,304,0,0,0,317852276,13,'CyPS/2 Cypress Trackpad'
7,6,920,305,0,0,0,317852288,13,'CyPS/2 Cypress Trackpad'
7,6,917,307,0,0,0,317852300,13,'CyPS/2 Cypress Trackpad'
7,6,914,308,0,0,0,317852312,13,'CyPS/2 Cypress Trackpad'
7,6,911,310,0,0,0,317852324,13,'CyPS/2 Cypress Trackpad'
7,6,908,312,0,0,0,317852336,13,'CyPS/2 Cypress Trackpad'
7,6,905,312,0,0,0,317852348,13,'CyPS/2 Cypress Trackpad'
7,6,903,314,0,0,0,317852360,13,'CyPS/2 Cypress Trackpad'
7,6,901,315,0,0,0,317852374,13,'CyPS/2 Cypress Trackpad'
7,6,898,316,0,0,0,317852385,13,'CyPS/2 Cypress Trackpad'
7,6,896,316,0,0,0,317852397,13,'CyPS/2 Cypress Trackpad'
7,6,895,317,0,0,0,317852409,13,'CyPS/2 Cypress Trackpad'
7,6,893,318,0,0,0,317852421,13,'CyPS/2 Cypress Trackpad'
7,6,892,319,0,0,0,317852434,13,'CyPS/2 Cypress Trackpad'
7,6,890,321,0,0,0,317852445,13,'CyPS/2 Cypress Trackpad'
7,6,888,322,0,0,0,317852457,13,'CyPS/2 Cypress Trackpad'
7,6,885,323,0,0,0,317852469,13,'CyPS/2 Cypress Trackpad'
7,6,883,324,0,0,0,317852481,13,'CyPS/2 Cypress Trackpad'
7,6,881,325,0,0,0,317852494,13,'CyPS/2 Cypress Trackpad'
7,6,879,327,0,0,0,317852505,13,'CyPS/2 Cypress Trackpad'
7,6,877,329,0,0,0,317852518,13,'CyPS/2 Cypress Trackpad'
7,6,874,330,0,0,0,317852530,13,'CyPS/2 Cypress Trackpad'
7,6,871,332,0,0,0,317852542,13,'CyPS/2 Cypress Trackpad'
7,6,868,335,0,0,0,317852555,13,'CyPS/2 Cypress Trackpad'
7,6,865,337,0,0,0,317852566,13,'CyPS/2 Cypress Trackpad'
7,6,863,338,0,0,0,317852578,13,'CyPS/2 Cypress Trackpad'
7,6,861,340,0,0,0,317852590,13,'CyPS/2 Cypress Trackpad'
7,6,858,343,0,0,0,317852602,13,'CyPS/2 Cypress Trackpad'
7,6,857,346,0,0,0,317852614,13,'CyPS/2 Cypress Trackpad'
7,6,854,348,0,0,0,317852626,13,'CyPS/2 Cypress Trackpad'
7,6,853,349,0,0,0,317852638,13,'CyPS/2 Cypress Trackpad'
7,6,851,352,0,0,0,317852650,13,'CyPS/2 Cypress Trackpad'
7,6,849,354,0,0,0,317852663,13,'CyPS/2 Cypress Trackpad'
7,6,846,356,0,0,0,317852675,13,'CyPS/2 Cypress Trackpad'
7,6,845,359,0,0,0,317852687,13,'CyPS/2 Cypress Trackpad'
7,6,842,361,0,0,0,317852699,13,'CyPS/2 Cypress Trackpad'
7,6,839,365,0,0,0,317852711,13,'CyPS/2 Cypress Trackpad'
7,6,837,368,0,0,0,317852723,13,'CyPS/2 Cypress Trackpad'
7,6,834,370,0,0,0,317852735,13,'CyPS/2 Cypress Trackpad'
7,6,833,373,0,0,0,317852748,13,'CyPS/2 Cypress Trackpad'
7,6,832,376,0,0,0,317852759,13,'CyPS/2 Cypress Trackpad'
7,6,830,378,0,0,0,317852771,13,'CyPS/2 Cypress Trackpad'
7,6,829,381,0,0,0,317852783,13,'CyPS/2 Cypress Trackpad'
7,6,828,382,0,0,0,317852796,13,'CyPS/2 Cypress Trackpad'
7,6,827,384,0,0,0,317852808,13,'CyPS/2 Cypress Trackpad'
7,6,826,387,0,0,0,317852820,13,'CyPS/2 Cypress Trackpad'
7,6,825,389,0,0,0,317852832,13,'CyPS/2 Cypress Trackpad'
7,6,825,391,0,0,0,317852844,13,'CyPS/2 Cypress Trackpad'
7,6,824,394,0,0,0,317852856,13,'CyPS/2 Cypress Trackpad'
7,6,823,396,0,0,0,317852868,13,'CyPS/2 Cypress Trackpad'
7,6,823,398,0,0,0,317852880,13,'CyPS/2 Cypress Trackpad'
7,6,822,399,0,0,0,317852892,13,'CyPS/2 Cypress Trackpad'
7,6,822,402,0,0,0,317852904,13,'CyPS/2 Cypress Trackpad'
7,6,822,404,0,0,0,317852916,13,'CyPS/2 Cypress Trackpad'
7,6,821,407,0,0,0,317852928,13,'CyPS/2 Cypress Trackpad'
7,6,821,409,0,0,0,317852941,13,'CyPS/2 Cypress Trackpad'
7,6,821,411,0,0,0,317852953,13,'CyPS/2 Cypress Trackpad'
7,6,821,414,0,0,0,317852965,13,'CyPS/2 Cypress Trackpad'
7,6,821,418,0,0,0,317852977,13,'CyPS/2 Cypress Trackpad'
7,6,821,419,0,0,0,317852989,13,'CyPS/2 Cypress Trackpad'
7,6,820,422,0,0,0,317853001,13,'CyPS/2 Cypress Trackpad'
7,6,820,424,0,0,0,317853013,13,'CyPS/2 Cypress Trackpad'
7,6,820,427,0,0,0,317853025,13,'CyPS/2 Cypress Trackpad'
7,6,820,431,0,0,0,317853037,13,'CyPS/2 Cypress Trackpad'
7,6,820,434,0,0,0,317853049,13,'CyPS/2 Cypress Trackpad'
7,6,820,437,0,0,0,317853061,13,'CyPS/2 Cypress Trackpad'
7,6,820,440,0,0,0,317853074,13,'CyPS/2 Cypress Trackpad'
7,6,820,444,0,0,0,317853086,13,'CyPS/2 Cypress Trackpad'
7,6,820,446,0,0,0,317853098,13,'CyPS/2 Cypress Trackpad'
7,6,820,450,0,0,0,317853110,13,'CyPS/2 Cypress Trackpad'
7,6,820,454,0,0,0,317853122,13,'CyPS/2 Cypress Trackpad'
7,6,820,458,0,0,0,317853134,13,'CyPS/2 Cypress Trackpad'
7,6,820,461,0,0,0,317853147,13,'CyPS/2 Cypress Trackpad'
7,6,820,465,0,0,0,317853158,13,'CyPS/2 Cypress Trackpad'
7,6,820,467,0,0,0,317853170,13,'CyPS/2 Cypress Trackpad'
7,6,820,469,0,0,0,317853182,13,'CyPS/2 Cypress Trackpad'
7,6,820,472,0,0,0,317853194,13,'CyPS/2 Cypress Trackpad'
7,6,821,474,0,0,0,317853206,13,'CyPS/2 Cypress Trackpad'
7,6,823,476,0,0,0,317853218,13,'CyPS/2 Cypress Trackpad'
7,6,824,478,0,0,0,317853230,13,'CyPS/2 Cypress Trackpad'
7,6,825,480,0,0,0,317853243,13,'CyPS/2 Cypress Trackpad'
7,6,827,482,0,0,0,317853255,13,'CyPS/2 Cypress Trackpad'
7,6,829,484,0,0,0,317853267,13,'CyPS/2 Cypress Trackpad'
7,6,830,486,0,0,0,317853279,13,'CyPS/2 Cypress Trackpad'
7,6,833,488,0,0,0,317853291,13,'CyPS/2 Cypress Trackpad'
7,6,833,490,0,0,0,317853303,13,'CyPS/2 Cypress Trackpad'
7,6,836,491,0,0,0,317853316,13,'CyPS/2 Cypress Trackpad'
7,6,837,492,0,0,0,317853328,13,'CyPS/2 Cypress Trackpad'
7,6,839,494,0,0,0,317853340,13,'CyPS/2 Cypress Trackpad'
7,6,842,496,0,0,0,317853352,13,'CyPS/2 Cypress Trackpad'
7,6,844,497,0,0,0,317853365,13,'CyPS/2 Cypress Trackpad'
7,6,845,499,0,0,0,317853377,13,'CyPS/2 Cypress Trackpad'
7,6,847,500,0,0,0,317853389,13,'CyPS/2 Cypress Trackpad'
7,6,848,501,0,0,0,317853401,13,'CyPS/2 Cypress Trackpad'
7,6,851,502,0,0,0,317853414,13,'CyPS/2 Cypress Trackpad'
7,6,852,502,0,0,0,317853426,13,'CyPS/2 Cypress Trackpad'
7,6,853,503,0,0,0,317853438,13,'CyPS/2 Cypress Trackpad'
7,6,856,504,0,0,0,317853450,13,'CyPS/2 Cypress Trackpad'
7,6,857,504,0,0,0,317853463,13,'CyPS/2 Cypress Trackpad'
7,6,858,505,0,0,0,317853475,13,'CyPS/2 Cypress Trackpad'
7,6,860,506,0,0,0,317853487,13,'CyPS/2 Cypress Trackpad'
7,6,862,508,0,0,0,317853499,13,'CyPS/2 Cypress Trackpad'
7,6,865,509,0,0,0,317853512,13,'CyPS/2 Cypress Trackpad'
7,6,867,509,0,0,0,317853524,13,'CyPS/2 Cypress Trackpad'
7,6,869,510,0,0,0,317853536,13,'CyPS/2 Cypress Trackpad'
7,6,870,510,0,0,0,317853548,13,'CyPS/2 Cypress Trackpad'
7,6,872,511,0,0,0,317853561,13,'CyPS/2 Cypress Trackpad'
7,6,874,511,0,0,0,317853573,13,'CyPS/2 Cypress Trackpad'
7,6,876,512,0,0,0,317853586,13,'CyPS/2 Cypress Trackpad'
7,6,878,513,0,0,0,317853598,13,'CyPS/2 Cypress Trackpad'
7,6,881,513,0,0,0,317853611,13,'CyPS/2 Cypress Trackpad'
7,6,883,514,0,0,0,317853623,13,'CyPS/2 Cypress Trackpad'
7,6,885,514,0,0,0,317853636,13,'CyPS/2 Cypress Trackpad'
7,6,888,516,0,0,0,317853648,13,'CyPS/2 Cypress Trackpad'
7,6,892,516,0,0,0,317853661,13,'CyPS/2 Cypress Trackpad'
7,6,895,516,0,0,0,317853673,13,'CyPS/2 Cypress Trackpad'
7,6,900,516,0,0,0,317853686,13,'CyPS/2 Cypress Trackpad'
7,6,904,516,0,0,0,317853698,13,'CyPS/2 Cypress Trackpad'
7,6,908,516,0,0,0,317853711,13,'CyPS/2 Cypress Trackpad'
7,6,912,516,0,0,0,317853723,13,'CyPS/2 Cypress Trackpad'
7,6,916,516,0,0,0,317853736,13,'CyPS/2 Cypress Trackpad'
7,6,919,516,0,0,0,317853748,13,'CyPS/2 Cypress Trackpad'
7,6,925,516,0,0,0,317853762,13,'CyPS/2 Cypress Trackpad'
7,6,931,516,0,0,0,317853774,13,'CyPS/2 Cypress Trackpad'
7,6,938,516,0,0,0,317853786,13,'CyPS/2 Cypress Trackpad'
7,6,943,516,0,0,0,317853799,13,'CyPS/2 Cypress Trackpad'
7,6,947,516,0,0,0,317853811,13,'CyPS/2 Cypress Trackpad'
7,6,952,516,0,0,0,317853823,13,'CyPS/2 Cypress Trackpad'
7,6,959,516,0,0,0,317853835,13,'CyPS/2 Cypress Trackpad'
7,6,966,516,0,0,0,317853847,13,'CyPS/2 Cypress Trackpad'
7,6,974,516,0,0,0,317853860,13,'CyPS/2 Cypress Trackpad'
7,6,981,516,0,0,0,317853872,13,'CyPS/2 Cypress Trackpad'
7,6,986,516,0,0,0,317853884,13,'CyPS/2 Cypress Trackpad'
7,6,991,515,0,0,0,317853896,13,'CyPS/2 Cypress Trackpad'
7,6,998,513,0,0,0,317853909,13,'CyPS/2 Cypress Trackpad'
7,6,1005,511,0,0,0,317853921,13,'CyPS/2 Cypress Trackpad'
7,6,1013,510,0,0,0,317853933,13,'CyPS/2 Cypress Trackpad'
7,6,1019,508,0,0,0,317853945,13,'CyPS/2 Cypress Trackpad'
7,6,1025,507,0,0,0,317853958,13,'CyPS/2 Cypress Trackpad'
7,6,1030,506,0,0,0,317853970,13,'CyPS/2 Cypress Trackpad'
7,6,1035,504,0,0,0,317853982,13,'CyPS/2 Cypress Trackpad'
7,6,1041,503,0,0,0,317853994,13,'CyPS/2 Cypress Trackpad'
7,6,1047,502,0,0,0,317854007,13,'CyPS/2 Cypress Trackpad'
7,6,1052,501,0,0,0,317854019,13,'CyPS/2 Cypress Trackpad'
7,6,1057,501,0,0,0,317854031,13,'CyPS/2 Cypress Trackpad'
7,6,1062,498,0,0,0,317854043,13,'CyPS/2 Cypress Trackpad'
7,6,1064,497,0,0,0,317854055,13,'CyPS/2 Cypress Trackpad'
7,6,1067,496,0,0,0,317854068,13,'CyPS/2 Cypress Trackpad'
7,6,1070,495,0,0,0,317854080,13,'CyPS/2 Cypress Trackpad'
7,6,1073,494,0,0,0,317854092,13,'CyPS/2 Cypress Trackpad'
7,6,1075,493,0,0,0,317854104,13,'CyPS/2 Cypress Trackpad'
7,6,1079,490,0,0,0,317854116,13,'CyPS/2 Cypress Trackpad'
7,6,1082,489,0,0,0,317854128,13,'CyPS/2 Cypress Trackpad'
7,6,1084,488,0,0,0,317854140,13,'CyPS/2 Cypress Trackpad'
7,6,1086,486,0,0,0,317854152,13,'CyPS/2 Cypress Trackpad'
7,6,1088,484,0,0,0,317854165,13,'CyPS/2 Cypress Trackpad'
7,6,1090,482,0,0,0,317854177,13,'CyPS/2 Cypress Trackpad'
7,6,1093,479,0,0,0,317854189,13,'CyPS/2 Cypress Trackpad'
7,6,1094,476,0,0,0,317854201,13,'CyPS/2 Cypress Trackpad'
7,6,1096,474,0,0,0,317854213,13,'CyPS/2 Cypress Trackpad'
7,6,1097,472,0,0,0,317854225,13,'CyPS/2 Cypress Trackpad'
7,6,1098,469,0,0,0,317854237,13,'CyPS/2 Cypress Trackpad'
7,6,1099,466,0,0,0,317854249,13,'CyPS/2 Cypress Trackpad'
7,6,1099,465,0,0,0,317854261,13,'CyPS/2 Cypress Trackpad'
7,6,1100,464,0,0,0,317854274,13,'CyPS/2 Cypress Trackpad'
7,6,1100,461,0,0,0,317854285,13,'CyPS/2 Cypress Trackpad'
7,6,1100,459,0,0,0,317854297,13,'CyPS/2 Cypress Trackpad'
7,6,1100,457,0,0,0,317854309,13,'CyPS/2 Cypress Trackpad'
7,6,1100,454,0,0,0,317854321,13,'CyPS/2 Cypress Trackpad'
7,6,1100,451,0,0,0,317854333,13,'CyPS/2 Cypress Trackpad'
7,6,1100,447,0,0,0,317854345,13,'CyPS/2 Cypress Trackpad'
7,6,1101,445,0,0,0,317854358,13,'CyPS/2 Cypress Trackpad'
7,6,1101,442,0,0,0,317854370,13,'CyPS/2 Cypress Trackpad'
7,6,1101,440,0,0,0,317854382,13,'CyPS/2 Cypress Trackpad'
7,6,1101,438,0,0,0,317854394,13,'CyPS/2 Cypress Trackpad'
7,6,1101,437,0,0,0,317854406,13,'CyPS/2 Cypress Trackpad'
7,6,1101,434,0,0,0,317854418,13,'CyPS/2 Cypress Trackpad'
7,6,1101,431,0,0,0,317854430,13,'CyPS/2 Cypress Trackpad'
7,6,1101,428,0,0,0,317854442,13,'CyPS/2 Cypress Trackpad'
7,6,1101,425,0,0,0,317854454,13,'CyPS/2 Cypress Trackpad'
7,6,1101,421,0,0,0,317854466,13,'CyPS/2 Cypress Trackpad'
7,6,1101,419,0,0,0,317854478,13,'CyPS/2 Cypress Trackpad'
7,6,1101,418,0,0,0,317854490,13,'CyPS/2 Cypress Trackpad'
7,6,1101,416,0,0,0,317854502,13,'CyPS/2 Cypress Trackpad'
7,6,1101,413,0,0,0,317854514,13,'CyPS/2 Cypress Trackpad'
7,6,1101,412,0,0,0,317854527,13,'CyPS/2 Cypress Trackpad'
7,6,1101,410,0,0,0,317854539,13,'CyPS/2 Cypress Trackpad'
7,6,1101,407,0,0,0,317854551,13,'CyPS/2 Cypress Trackpad'
7,6,1100,403,0,0,0,317854563,13,'CyPS/2 Cypress Trackpad'
7,6,1098,400,0,0,0,317854575,13,'CyPS/2 Cypress Trackpad'
7,6,1097,398,0,0,0,317854587,13,'CyPS/2 Cypress Trackpad'
7,6,1095,395,0,0,0,317854599,13,'CyPS/2 Cypress Trackpad'
7,6,1094,393,0,0,0,317854611,13,'CyPS/2 Cypress Trackpad'
7,6,1093,391,0,0,0,317854623,13,'CyPS/2 Cypress Trackpad'
7,6,1091,389,0,0,0,317854635,13,'CyPS/2 Cypress Trackpad'
7,6,1090,387,0,0,0,317854647,13,'CyPS/2 Cypress Trackpad'
7,6,1089,385,0,0,0,317854659,13,'CyPS/2 Cypress Trackpad'
7,6,1088,384,0,0,0,317854673,13,'CyPS/2 Cypress Trackpad'
7,6,1087,382,0,0,0,317854684,13,'CyPS/2 Cypress Trackpad'
7,6,1086,380,0,0,0,317854696,13,'CyPS/2 Cypress Trackpad'
7,6,1085,378,0,0,0,317854708,13,'CyPS/2 Cypress Trackpad'
7,6,1084,375,0,0,0,317854720,13,'CyPS/2 Cypress Trackpad'
7,6,1082,373,0,0,0,317854732,13,'CyPS/2 Cypress Trackpad'
7,6,1081,372,0,0,0,317854744,13,'CyPS/2 Cypress Trackpad'
7,6,1079,370,0,0,0,317854756,13,'CyPS/2 Cypress Trackpad'
7,6,1078,367,0,0,0,317854768,13,'CyPS/2 Cypress Trackpad'
7,6,1077,366,0,0,0,317854780,13,'CyPS/2 Cypress Trackpad'
7,6,1076,365,0,0,0,317854792,13,'CyPS/2 Cypress Trackpad'
7,6,1075,364,0,0,0,317854804,13,'CyPS/2 Cypress Trackpad'
7,6,1074,362,0,0,0,317854817,13,'CyPS/2 Cypress Trackpad'
7,6,1072,362,0,0,0,317854829,13,'CyPS/2 Cypress Trackpad'
7,6,1070,360,0,0,0,317854841,13,'CyPS/2 Cypress Trackpad'
7,6,1068,358,0,0,0,317854853,13,'CyPS/2 Cypress Trackpad'
7,6,1066,356,0,0,0,317854865,13,'CyPS/2 Cypress Trackpad'
7,6,1063,355,0,0,0,317854877,13,'CyPS/2 Cypress Trackpad'
7,6,1060,354,0,0,0,317854889,13,'CyPS/2 Cypress Trackpad'
7,6,1057,353,0,0,0,317854902,13,'CyPS/2 Cypress Trackpad'
7,6,1055,352,0,0,0,317854913,13,'CyPS/2 Cypress Trackpad'
7,6,1053,350,0,0,0,317854925,13,'CyPS/2 Cypress Trackpad'
7,6,1051,349,0,0,0,317854937,13,'CyPS/2 Cypress Trackpad'
7,6,1048,348,0,0,0,317854949,13,'CyPS/2 Cypress Trackpad'
7,6,1046,347,0,0,0,317854962,13,'CyPS/2 Cypress Trackpad'
7,6,1045,346,0,0,0,317854974,13,'CyPS/2 Cypress Trackpad'
7,6,1043,345,0,0,0,317854986,13,'CyPS/2 Cypress Trackpad'
7,6,1042,344,0,0,0,317854998,13,'CyPS/2 Cypress Trackpad'
7,6,1040,343,0,0,0,317855010,13,'CyPS/2 Cypress Trackpad'
7,6,1038,342,0,0,0,317855022,13,'CyPS/2 Cypress Trackpad'
7,6,1035,342,0,0,0,317855034,13,'CyPS/2 Cypress Trackpad'
7,6,1034,341,0,0,0,317855046,13,'CyPS/2 Cypress Trackpad'
7,6,1030,338,0,0,0,317855058,13,'CyPS/2 Cypress Trackpad'
7,6,1027,338,0,0,0,317855070,13,'CyPS/2 Cypress Trackpad'
7,6,1025,337,0,0,0,317855083,13,'CyPS/2 Cypress Trackpad'
7,6,1022,336,0,0,0,317855094,13,'CyPS/2 Cypress Trackpad'
7,6,1019,334,0,0,0,317855106,13,'CyPS/2 Cypress Trackpad'
7,6,1017,334,0,0,0,317855119,13,'CyPS/2 Cypress Trackpad'
7,6,1014,332,0,0,0,317855131,13,'CyPS/2 Cypress Trackpad'
7,6,1012,331,0,0,0,317855143,13,'CyPS/2 Cypress Trackpad'
7,6,1011,331,0,0,0,317855155,13,'CyPS/2 Cypress Trackpad'
7,6,1008,330,0,0,0,317855167,13,'CyPS/2 Cypress Trackpad'
7,6,1006,330,0,0,0,317855179,13,'CyPS/2 Cypress Trackpad'
7,6,1004,329,0,0,0,317855191,13,'CyPS/2 Cypress Trackpad'
7,6,1002,328,0,0,0,317855203,13,'CyPS/2 Cypress Trackpad'
7,6,998,327,0,0,0,317855215,13,'CyPS/2 Cypress Trackpad'
7,6,996,326,0,0,0,317855227,13,'CyPS/2 Cypress Trackpad'
7,6,992,326,0,0,0,317855239,13,'CyPS/2 Cypress Trackpad'
7,6,990,325,0,0,0,317855251,13,'CyPS/2 Cypress Trackpad'
7,6,988,324,0,0,0,317855264,13,'CyPS/2 Cypress Trackpad'
7,6,984,324,0,0,0,317855278,13,'CyPS/2 Cypress Trackpad'
7,6,982,324,0,0,0,317855288,13,'CyPS/2 Cypress Trackpad'
7,6,980,324,0,0,0,317855300,13,'CyPS/2 Cypress Trackpad'
7,6,978,324,0,0,0,317855312,13,'CyPS/2 Cypress Trackpad'
7,6,976,323,0,0,0,317855324,13,'CyPS/2 Cypress Trackpad'
7,6,974,323,0,0,0,317855337,13,'CyPS/2 Cypress Trackpad'
7,6,971,323,0,0,0,317855348,13,'CyPS/2 Cypress Trackpad'
7,6,969,323,0,0,0,317855360,13,'CyPS/2 Cypress Trackpad'
7,6,966,323,0,0,0,317855372,13,'CyPS/2 Cypress Trackpad'
7,6,962,323,0,0,0,317855387,13,'CyPS/2 Cypress Trackpad'
7,6,959,323,0,0,0,317855397,13,'CyPS/2 Cypress Trackpad'
7,6,956,323,0,0,0,317855409,13,'CyPS/2 Cypress Trackpad'
7,6,954,323,0,0,0,317855421,13,'CyPS/2 Cypress Trackpad'
7,6,950,323,0,0,0,317855433,13,'CyPS/2 Cypress Trackpad'
7,6,948,323,0,0,0,317855445,13,'CyPS/2 Cypress Trackpad'
7,6,946,323,0,0,0,317855457,13,'CyPS/2 Cypress Trackpad'
7,6,945,323,0,0,0,317855469,13,'CyPS/2 Cypress Trackpad'
7,6,943,323,0,0,0,317855481,13,'CyPS/2 Cypress Trackpad'
7,6,941,323,0,0,0,317855493,13,'CyPS/2 Cypress Trackpad'
7,6,940,323,0,0,0,317855506,13,'CyPS/2 Cypress Trackpad'
7,6,939,323,0,0,0,317855518,13,'CyPS/2 Cypress Trackpad'
7,6,938,323,0,0,0,317855530,13,'CyPS/2 Cypress Trackpad'
7,6,937,323,0,0,0,317855542,13,'CyPS/2 Cypress Trackpad'
7,6,936,323,0,0,0,317855554,13,'CyPS/2 Cypress Trackpad'
7,6,936,323,0,0,0,317855566,13,'CyPS/2 Cypress Trackpad'
7,6,935,323,0,0,0,317855614,13,'CyPS/2 Cypress Trackpad'
7,6,935,323,0,0,0,317861540,13,'CyPS/2 Cypress Trackpad'
7,6,935,324,0,0,0,317861552,13,'CyPS/2 Cypress Trackpad'
7,6,935,325,0,0,0,317861564,13,'CyPS/2 Cypress Trackpad'
7,6,935,326,0,0,0,317861576,13,'CyPS/2 Cypress Trackpad'
7,6,935,328,0,0,0,317861588,13,'CyPS/2 Cypress Trackpad'
7,6,935,331,0,0,0,317861600,13,'CyPS/2 Cypress Trackpad'
7,6,935,332,0,0,0,317861613,13,'CyPS/2 Cypress Trackpad'
7,6,935,334,0,0,0,317861625,13,'CyPS/2 Cypress Trackpad'
7,6,935,337,0,0,0,317861637,13,'CyPS/2 Cypress Trackpad'
7,6,935,340,0,0,0,317861649,13,'CyPS/2 Cypress Trackpad'
7,6,935,342,0,0,0,317861661,13,'CyPS/2 Cypress Trackpad'
7,6,935,344,0,0,0,317861673,13,'CyPS/2 Cypress Trackpad'
7,6,935,346,0,0,0,317861685,13,'CyPS/2 Cypress Trackpad'
7,6,933,348,0,0,0,317861697,13,'CyPS/2 Cypress Trackpad'
7,6,932,351,0,0,0,317861709,13,'CyPS/2 Cypress Trackpad'
7,6,930,354,0,0,0,317861721,13,'CyPS/2 Cypress Trackpad'
7,6,928,357,0,0,0,317861733,13,'CyPS/2 Cypress Trackpad'
7,6,925,361,0,0,0,317861746,13,'CyPS/2 Cypress Trackpad'
7,6,923,365,0,0,0,317861757,13,'CyPS/2 Cypress Trackpad'
7,6,921,367,0,0,0,317861769,13,'CyPS/2 Cypress Trackpad'
7,6,919,370,0,0,0,317861781,13,'CyPS/2 Cypress Trackpad'
7,6,917,372,0,0,0,317861793,13,'CyPS/2 Cypress Trackpad'
7,6,915,374,0,0,0,317861806,13,'CyPS/2 Cypress Trackpad'
7,6,913,377,0,0,0,317861818,13,'CyPS/2 Cypress Trackpad'
7,6,913,379,0,0,0,317861830,13,'CyPS/2 Cypress Trackpad'
7,6,912,381,0,0,0,317861842,13,'CyPS/2 Cypress Trackpad'
7,6,911,383,0,0,0,317861854,13,'CyPS/2 Cypress Trackpad'
7,6,909,384,0,0,0,317861866,13,'CyPS/2 Cypress Trackpad'
7,6,909,385,0,0,0,317861878,13,'CyPS/2 Cypress Trackpad'
7,6,906,387,0,0,0,317861890,13,'CyPS/2 Cypress Trackpad'
7,6,904,388,0,0,0,317861902,13,'CyPS/2 Cypress Trackpad'
7,6,902,388,0,0,0,317861914,13,'CyPS/2 Cypress Trackpad'
7,6,900,389,0,0,0,317861926,13,'CyPS/2 Cypress Trackpad'
7,6,897,390,0,0,0,317861938,13,'CyPS/2 Cypress Trackpad'
7,6,897,390,0,0,0,317861950,13,'CyPS/2 Cypress Trackpad'
7,6,895,390,0,0,0,317861962,13,'CyPS/2 Cypress Trackpad'
7,6,894,391,0,0,0,317861975,13,'CyPS/2 Cypress Trackpad'
7,6,893,391,0,0,0,317861987,13,'CyPS/2 Cypress Trackpad'
7,6,892,391,0,0,0,317861999,13,'CyPS/2 Cypress Trackpad'
7,6,892,391,0,0,0,317862023,13,'CyPS/2 Cypress Trackpad'
7,6,891,391,0,0,0,317862035,13,'CyPS/2 Cypress Trackpad'
7,6,891,391,0,0,0,317862107,13,'CyPS/2 Cypress Trackpad'
7,6,890,391,0,0,0,317862548,13,'CyPS/2 Cypress Trackpad'
7,4,0,0,1,0,0,317862733,13,CyPS/2 Cypress Trackpad
7,5,0,0,1,0,0,317862833,13,CyPS/2 Cypress Trackpad
7,6,890,390,0,0,0,317863331,13,'CyPS/2 Cypress Trackpad'
7,6,891,390,0,0,0,317863343,13,'CyPS/2 Cypress Trackpad'
7,6,892,390,0,0,0,317863355,13,'CyPS/2 Cypress Trackpad'
7,6,895,390,0,0,0,317863369,13,'CyPS/2 Cypress Trackpad'
7,6,896,390,0,0,0,317863379,13,'CyPS/2 Cypress Trackpad'
7,6,898,390,0,0,0,317863391,13,'CyPS/2 Cypress Trackpad'
7,6,901,390,0,0,0,317863403,13,'CyPS/2 Cypress Trackpad'
7,6,903,390,0,0,0,317863415,13,'CyPS/2 Cypress Trackpad'
7,6,904,390,0,0,0,317863428,13,'CyPS/2 Cypress Trackpad'
7,6,905,390,0,0,0,317863439,13,'CyPS/2 Cypress Trackpad'
7,6,907,389,0,0,0,317863451,13,'CyPS/2 Cypress Trackpad'
7,6,907,389,0,0,0,317863467,13,'CyPS/2 Cypress Trackpad'
7,6,907,388,0,0,0,317863475,13,'CyPS/2 Cypress Trackpad'
7,6,907,386,0,0,0,317863487,13,'CyPS/2 Cypress Trackpad'
7,6,907,386,0,0,0,317864324,13,'CyPS/2 Cypress Trackpad'
7,6,912,386,0,0,0,317864336,13,'CyPS/2 Cypress Trackpad'
7,6,917,386,0,0,0,317864348,13,'CyPS/2 Cypress Trackpad'
7,6,923,386,0,0,0,317864361,13,'CyPS/2 Cypress Trackpad'
7,6,933,386,0,0,0,317864376,13,'CyPS/2 Cypress Trackpad'
7,6,945,386,0,0,0,317864385,13,'CyPS/2 Cypress Trackpad'
7,6,956,386,0,0,0,317864397,13,'CyPS/2 Cypress Trackpad'
7,6,965,386,0,0,0,317864409,13,'CyPS/2 Cypress Trackpad'
7,6,972,386,0,0,0,317864421,13,'CyPS/2 Cypress Trackpad'
7,6,984,386,0,0,0,317864433,13,'CyPS/2 Cypress Trackpad'
7,6,995,386,0,0,0,317864445,13,'CyPS/2 Cypress Trackpad'
7,6,1003,386,0,0,0,317864457,13,'CyPS/2 Cypress Trackpad'
7,6,1009,386,0,0,0,317864469,13,'CyPS/2 Cypress Trackpad'
7,6,1011,386,0,0,0,317864481,13,'CyPS/2 Cypress Trackpad'
7,6,1013,386,0,0,0,317864493,13,'CyPS/2 Cypress Trackpad'
7,6,1015,386,0,0,0,317864506,13,'CyPS/2 Cypress Trackpad'
7,6,1017,386,0,0,0,317864517,13,'CyPS/2 Cypress Trackpad'
7,6,1018,386,0,0,0,317864529,13,'CyPS/2 Cypress Trackpad'
7,6,1018,386,0,0,0,317864542,13,'CyPS/2 Cypress Trackpad'
7,6,1019,386,0,0,0,317864554,13,'CyPS/2 Cypress Trackpad'
7,6,1019,386,0,0,0,317864710,13,'CyPS/2 Cypress Trackpad'
7,6,1019,386,0,0,0,317864722,13,'CyPS/2 Cypress Trackpad'
7,6,1017,386,0,0,0,317864735,13,'CyPS/2 Cypress Trackpad'
7,6,1015,386,0,0,0,317864747,13,'CyPS/2 Cypress Trackpad'
7,6,1011,387,0,0,0,317864759,13,'CyPS/2 Cypress Trackpad'
7,6,1008,388,0,0,0,317864771,13,'CyPS/2 Cypress Trackpad'
7,6,1006,389,0,0,0,317864783,13,'CyPS/2 Cypress Trackpad'
7,6,1004,390,0,0,0,317864795,13,'CyPS/2 Cypress Trackpad'
7,6,1003,392,0,0,0,317864807,13,'CyPS/2 Cypress Trackpad'
7,6,1002,395,0,0,0,317864819,13,'CyPS/2 Cypress Trackpad'
7,6,1002,397,0,0,0,317864831,13,'CyPS/2 Cypress Trackpad'
7,6,1002,400,0,0,0,317864843,13,'CyPS/2 Cypress Trackpad'
7,6,1002,401,0,0,0,317864855,13,'CyPS/2 Cypress Trackpad'
7,6,1002,402,0,0,0,317864867,13,'CyPS/2 Cypress Trackpad'
7,6,1002,403,0,0,0,317864891,13,'CyPS/2 Cypress Trackpad'
7,6,1002,404,0,0,0,317864964,13,'CyPS/2 Cypress Trackpad'
7,6,1000,404,0,0,0,317864976,13,'CyPS/2 Cypress Trackpad'
7,6,998,403,0,0,0,317864988,13,'CyPS/2 Cypress Trackpad'
7,6,996,402,0,0,0,317865000,13,'CyPS/2 Cypress Trackpad'
7,6,995,402,0,0,0,317865012,13,'CyPS/2 Cypress Trackpad'
7,6,994,402,0,0,0,317865024,13,'CyPS/2 Cypress Trackpad'
7,6,993,402,0,0,0,317865109,13,'CyPS/2 Cypress Trackpad'
7,6,994,402,0,0,0,317865121,13,'CyPS/2 Cypress Trackpad'
7,6,995,402,0,0,0,317865133,13,'CyPS/2 Cypress Trackpad'
7,6,997,402,0,0,0,317865181,13,'CyPS/2 Cypress Trackpad'
7,6,997,402,0,0,0,317865229,13,'CyPS/2 Cypress Trackpad'
7,6,995,402,0,0,0,317865241,13,'CyPS/2 Cypress Trackpad'
7,6,995,402,0,0,0,317865350,13,'CyPS/2 Cypress Trackpad'
7,6,995,401,0,0,0,317865362,13,'CyPS/2 Cypress Trackpad'
7,6,995,401,0,0,0,317865374,13,'CyPS/2 Cypress Trackpad'
7,6,995,400,0,0,0,317865388,13,'CyPS/2 Cypress Trackpad'
7,6,995,400,0,0,0,317865398,13,'CyPS/2 Cypress Trackpad'
7,6,995,399,0,0,0,317865410,13,'CyPS/2 Cypress Trackpad'
7,6,995,398,0,0,0,317865446,13,'CyPS/2 Cypress Trackpad'
7,6,995,398,0,0,0,317865458,13,'CyPS/2 Cypress Trackpad'
7,6,994,398,0,0,0,317865482,13,'CyPS/2 Cypress Trackpad'
7,6,994,398,0,0,0,317865894,13,'CyPS/2 Cypress Trackpad'
7,6,995,398,0,0,0,317865905,13,'CyPS/2 Cypress Trackpad'
7,6,996,398,0,0,0,317865918,13,'CyPS/2 Cypress Trackpad'
7,6,997,398,0,0,0,317865930,13,'CyPS/2 Cypress Trackpad'
7,6,1000,398,0,0,0,317865942,13,'CyPS/2 Cypress Trackpad'
7,6,1002,398,0,0,0,317865954,13,'CyPS/2 Cypress Trackpad'
7,6,1004,398,0,0,0,317865966,13,'CyPS/2 Cypress Trackpad'
7,6,1006,398,0,0,0,317865978,13,'CyPS/2 Cypress Trackpad'
7,6,1008,400,0,0,0,317865991,13,'CyPS/2 Cypress Trackpad'
7,6,1011,403,0,0,0,317866002,13,'CyPS/2 Cypress Trackpad'
7,6,1015,407,0,0,0,317866014,13,'CyPS/2 Cypress Trackpad'
7,6,1016,411,0,0,0,317866026,13,'CyPS/2 Cypress Trackpad'
7,6,1017,414,0,0,0,317866038,13,'CyPS/2 Cypress Trackpad'
7,6,1018,418,0,0,0,317866050,13,'CyPS/2 Cypress Trackpad'
7,6,1019,420,0,0,0,317866062,13,'CyPS/2 Cypress Trackpad'
7,6,1019,423,0,0,0,317866074,13,'CyPS/2 Cypress Trackpad'
7,6,1019,424,0,0,0,317866086,13,'CyPS/2 Cypress Trackpad'
7,6,1019,426,0,0,0,317866098,13,'CyPS/2 Cypress Trackpad'
7,6,1019,429,0,0,0,317866110,13,'CyPS/2 Cypress Trackpad'
7,6,1019,431,0,0,0,317866122,13,'CyPS/2 Cypress Trackpad'
7,6,1019,433,0,0,0,317866134,13,'CyPS/2 Cypress Trackpad'
7,6,1019,434,0,0,0,317866146,13,'CyPS/2 Cypress Trackpad'
7,6,1018,437,0,0,0,317866158,13,'CyPS/2 Cypress Trackpad'
7,6,1015,438,0,0,0,317866170,13,'CyPS/2 Cypress Trackpad'
7,6,1014,440,0,0,0,317866182,13,'CyPS/2 Cypress Trackpad'
7,6,1011,441,0,0,0,317866195,13,'CyPS/2 Cypress Trackpad'
7,6,1009,442,0,0,0,317866207,13,'CyPS/2 Cypress Trackpad'
7,6,1007,443,0,0,0,317866219,13,'CyPS/2 Cypress Trackpad'
7,6,1006,443,0,0,0,317866231,13,'CyPS/2 Cypress Trackpad'
7,6,1005,443,0,0,0,317866243,13,'CyPS/2 Cypress Trackpad'
7,6,1004,443,0,0,0,317866267,13,'CyPS/2 Cypress Trackpad'
7,6,1002,443,0,0,0,317866279,13,'CyPS/2 Cypress Trackpad'
7,6,1002,443,0,0,0,317866292,13,'CyPS/2 Cypress Trackpad'
7,6,1001,443,0,0,0,317866472,13,'CyPS/2 Cypress Trackpad'
7,6,999,443,0,0,0,317866484,13,'CyPS/2 Cypress Trackpad'
7,6,996,443,0,0,0,317866496,13,'CyPS/2 Cypress Trackpad'
7,6,992,443,0,0,0,317866508,13,'CyPS/2 Cypress Trackpad'
7,6,988,446,0,0,0,317866520,13,'CyPS/2 Cypress Trackpad'
7,6,984,448,0,0,0,317866532,13,'CyPS/2 Cypress Trackpad'
7,6,981,450,0,0,0,317866544,13,'CyPS/2 Cypress Trackpad'
7,6,975,453,0,0,0,317866556,13,'CyPS/2 Cypress Trackpad'
7,6,968,454,0,0,0,317866568,13,'CyPS/2 Cypress Trackpad'
7,6,958,456,0,0,0,317866580,13,'CyPS/2 Cypress Trackpad'
7,6,952,458,0,0,0,317866592,13,'CyPS/2 Cypress Trackpad'
7,6,944,459,0,0,0,317866605,13,'CyPS/2 Cypress Trackpad'
7,6,933,462,0,0,0,317866616,13,'CyPS/2 Cypress Trackpad'
7,6,922,464,0,0,0,317866629,13,'CyPS/2 Cypress Trackpad'
7,6,911,465,0,0,0,317866641,13,'CyPS/2 Cypress Trackpad'
7,6,903,465,0,0,0,317866653,13,'CyPS/2 Cypress Trackpad'
7,6,893,465,0,0,0,317866665,13,'CyPS/2 Cypress Trackpad'
7,6,882,465,0,0,0,317866677,13,'CyPS/2 Cypress Trackpad'
7,6,869,465,0,0,0,317866689,13,'CyPS/2 Cypress Trackpad'
7,6,862,465,0,0,0,317866701,13,'CyPS/2 Cypress Trackpad'
7,6,854,465,0,0,0,317866713,13,'CyPS/2 Cypress Trackpad'
7,6,849,459,0,0,0,317866725,13,'CyPS/2 Cypress Trackpad'
7,6,846,455,0,0,0,317866737,13,'CyPS/2 Cypress Trackpad'
7,6,842,452,0,0,0,317866749,13,'CyPS/2 Cypress Trackpad'
7,6,841,449,0,0,0,317866761,13,'CyPS/2 Cypress Trackpad'
7,6,840,446,0,0,0,317866773,13,'CyPS/2 Cypress Trackpad'
7,6,839,445,0,0,0,317866786,13,'CyPS/2 Cypress Trackpad'
7,6,838,444,0,0,0,317866810,13,'CyPS/2 Cypress Trackpad'
7,6,838,444,0,0,0,317866822,13,'CyPS/2 Cypress Trackpad'
7,6,838,443,0,0,0,317866846,13,'CyPS/2 Cypress Trackpad'
7,6,838,443,0,0,0,317866870,13,'CyPS/2 Cypress Trackpad'
